{"cameraMode":{"drawMode":0,"name":"Shaded","section":"Shading Mode"},"sceneLighting":true,"audioPlay":false,"sceneViewState":{"m_AlwaysRefresh":false,"showFog":true,"showSkybox":true,"showFlares":true,"showImageEffects":true,"showParticleSystems":true,"showVisualEffectGraphs":true,"m_FxEnabled":true},"in2DMode":false,"pivot":{"x":179.56324768066407,"y":319.26422119140627,"z":146.96717834472657},"rotation":{"x":-0.08186673372983933,"y":0.9180504083633423,"z":-0.26778027415275576,"w":-0.2806694209575653},"size":45.57741165161133,"orthographic":false}